date,db1,db2,diff_db1_db2,fish_name,cluster_nr,mean_error
2022-01-03,3949,6277,2328,минтай,5.0,4158
2022-01-04,4441,8463,4022,минтай,5.0,4158
2022-01-05,4674,8872,4198,минтай,5.0,4158
2022-01-06,4763,9273,4510,минтай,5.0,4158
2022-01-07,5201,9406,4204,минтай,5.0,4158
2022-01-08,5950,12317,6367,минтай,4.0,7068
2022-01-09,6436,13154,6718,минтай,4.0,7068
2022-01-10,6749,15334,8585,минтай,3.0,9974
2022-01-11,6944,16353,9409,минтай,3.0,9974
2022-01-12,6617,17882,11265,минтай,3.0,9974
2022-01-13,6030,15710,9679,минтай,3.0,9974
2022-01-14,5726,13522,7795,минтай,4.0,7068
2022-01-15,6036,13310,7273,минтай,4.0,7068
2022-01-16,6538,14050,7512,минтай,4.0,7068
2022-01-17,7092,14478,7385,минтай,4.0,7068
2022-01-18,7730,15967,8237,минтай,3.0,9974
2022-01-19,7929,17982,10053,минтай,3.0,9974
2022-01-20,7907,16970,9063,минтай,3.0,9974
2022-01-21,7883,15212,7329,минтай,4.0,7068
2022-01-22,8121,16219,8097,минтай,3.0,9974
2022-01-23,8343,19697,11354,минтай,3.0,9974
2022-01-24,8822,20715,11892,минтай,2.0,12797
2022-01-25,8960,20600,11640,минтай,3.0,9974
2022-01-26,8738,23645,14907,минтай,1.0,15596
2022-01-27,8463,21057,12593,минтай,2.0,12797
2022-01-28,8743,17237,8494,минтай,3.0,9974
2022-01-29,8806,18508,9701,минтай,3.0,9974
2022-01-30,8757,20543,11785,минтай,2.0,12797
2022-01-31,9148,19042,9893,минтай,3.0,9974
2022-02-01,9330,20701,11370,минтай,3.0,9974
2022-02-02,8657,22263,13606,минтай,2.0,12797
2022-02-03,8521,18602,10080,минтай,3.0,9974
2022-02-04,8784,16111,7326,минтай,4.0,7068
2022-02-05,8697,18852,10154,минтай,3.0,9974
2022-02-06,9208,20135,10926,минтай,3.0,9974
2022-02-07,10288,20640,10351,минтай,3.0,9974
2022-02-08,10973,24586,13613,минтай,2.0,12797
2022-02-09,11446,28225,16778,минтай,1.0,15596
2022-02-10,11709,25586,13877,минтай,2.0,12797
2022-02-11,11160,23008,11847,минтай,2.0,12797
2022-02-12,10503,23651,13147,минтай,2.0,12797
2022-02-13,10086,22115,12029,минтай,2.0,12797
2022-02-14,9759,21272,11512,минтай,3.0,9974
2022-02-15,9358,21562,12203,минтай,2.0,12797
2022-02-16,9791,22828,13036,минтай,2.0,12797
2022-02-17,9864,19810,9945,минтай,3.0,9974
2022-02-18,9586,18538,8951,минтай,3.0,9974
2022-02-19,9430,20059,10629,минтай,3.0,9974
2022-02-20,8630,21347,12717,минтай,2.0,12797
2022-02-21,6940,19041,12101,минтай,2.0,12797
2022-02-22,6004,19463,13459,минтай,2.0,12797
2022-02-23,6296,19538,13242,минтай,2.0,12797
2022-02-24,6642,14859,8216,минтай,3.0,9974
2022-02-25,8284,12829,4544,минтай,5.0,4158
2022-02-26,10601,17112,6511,минтай,4.0,7068
2022-02-27,11706,20550,8843,минтай,3.0,9974
2022-02-28,11875,22736,10860,минтай,3.0,9974
2022-03-01,11613,25573,13960,минтай,2.0,12797
2022-03-02,11214,28677,17462,минтай,1.0,15596
2022-03-03,10758,27792,17033,минтай,1.0,15596
2022-03-04,10986,23497,12511,минтай,2.0,12797
2022-03-05,10756,23649,12893,минтай,2.0,12797
2022-03-06,10651,22565,11914,минтай,2.0,12797
2022-03-07,10551,24498,13947,минтай,2.0,12797
2022-03-08,10447,22966,12519,минтай,2.0,12797
2022-03-09,10312,26010,15697,минтай,1.0,15596
2022-03-10,10712,23737,13024,минтай,2.0,12797
2022-03-11,10927,23419,12491,минтай,2.0,12797
2022-03-12,10868,21724,10856,минтай,3.0,9974
2022-03-13,10765,23377,12612,минтай,2.0,12797
2022-03-14,10816,23146,12330,минтай,2.0,12797
2022-03-15,10735,25487,14751,минтай,1.0,15596
2022-03-16,10624,27266,16641,минтай,1.0,15596
2022-03-17,10682,24153,13470,минтай,2.0,12797
2022-03-18,10400,22924,12524,минтай,2.0,12797
2022-03-19,9975,25249,15274,минтай,1.0,15596
2022-03-20,9136,24066,14930,минтай,1.0,15596
2022-03-21,8850,22475,13625,минтай,2.0,12797
2022-03-22,8810,23249,14439,минтай,1.0,15596
2022-03-23,9306,24007,14701,минтай,1.0,15596
2022-03-24,9718,19435,9716,минтай,3.0,9974
2022-03-25,10384,17974,7589,минтай,4.0,7068
2022-03-26,10467,20703,10235,минтай,3.0,9974
2022-03-27,9634,22602,12968,минтай,2.0,12797
2022-03-28,9304,21431,12126,минтай,2.0,12797
2022-03-29,9534,22767,13233,минтай,2.0,12797
2022-03-30,9023,24374,15350,минтай,1.0,15596
2022-03-31,9115,19611,10496,минтай,3.0,9974
2022-04-01,9555,16073,6518,минтай,4.0,7068
2022-04-02,9218,17253,8034,минтай,3.0,9974
2022-04-03,8799,18144,9344,минтай,3.0,9974
2022-04-04,8911,18186,9274,минтай,3.0,9974
2022-04-05,8730,21696,12966,минтай,2.0,12797
2022-04-06,9121,23908,14786,минтай,1.0,15596
2022-04-07,9580,22010,12430,минтай,2.0,12797
2022-04-08,8196,19640,11444,минтай,3.0,9974
2022-04-09,6955,19370,12415,минтай,2.0,12797
2022-04-10,5846,16412,10565,минтай,3.0,9974
2022-04-11,4421,14226,9804,минтай,3.0,9974
2022-04-12,2975,14237,11261,минтай,3.0,9974
2022-04-13,2794,13501,10706,минтай,3.0,9974
2022-04-14,2699,10147,7447,минтай,4.0,7068
2022-04-15,2614,9631,7017,минтай,4.0,7068
2022-04-16,2461,9246,6784,минтай,4.0,7068
2022-04-17,2234,8685,6450,минтай,4.0,7068
2022-04-18,2136,7436,5300,минтай,5.0,4158
2022-01-03,1278,1668,390,сельдь,5.0,623
2022-01-04,1619,2250,631,сельдь,5.0,623
2022-01-05,2010,2446,436,сельдь,5.0,623
2022-01-06,2169,2575,406,сельдь,5.0,623
2022-01-07,2029,2412,383,сельдь,5.0,623
2022-01-08,2008,4425,2416,сельдь,3.0,2219
2022-01-09,2119,4132,2012,сельдь,3.0,2219
2022-01-10,2146,4748,2601,сельдь,3.0,2219
2022-01-11,2284,4864,2580,сельдь,3.0,2219
2022-01-12,2302,5636,3333,сельдь,3.0,2219
2022-01-13,2219,4198,1979,сельдь,3.0,2219
2022-01-14,1983,3915,1931,сельдь,3.0,2219
2022-01-15,1741,4162,2421,сельдь,3.0,2219
2022-01-16,1450,4147,2697,сельдь,3.0,2219
2022-01-17,1433,3775,2341,сельдь,3.0,2219
2022-01-18,1485,3315,1830,сельдь,3.0,2219
2022-01-19,1582,3486,1904,сельдь,3.0,2219
2022-01-20,1561,2292,730,сельдь,5.0,623
2022-01-21,1684,1797,112,сельдь,5.0,623
2022-01-22,1827,2364,537,сельдь,5.0,623
2022-01-23,1729,3360,1631,сельдь,4.0,1372
2022-01-24,1688,3523,1834,сельдь,3.0,2219
2022-01-25,1653,3733,2080,сельдь,3.0,2219
2022-01-26,1594,4509,2915,сельдь,3.0,2219
2022-01-27,1368,3445,2076,сельдь,3.0,2219
2022-01-28,1401,2270,868,сельдь,5.0,623
2022-01-29,1295,2935,1640,сельдь,4.0,1372
2022-01-30,1241,3334,2092,сельдь,3.0,2219
2022-01-31,1090,2852,1761,сельдь,3.0,2219
2022-02-01,1081,3142,2060,сельдь,3.0,2219
2022-02-02,1034,3129,2094,сельдь,3.0,2219
2022-02-03,1021,2069,1047,сельдь,5.0,623
2022-02-04,1008,1482,474,сельдь,5.0,623
2022-02-05,920,1822,901,сельдь,5.0,623
2022-02-06,839,1641,801,сельдь,5.0,623
2022-02-07,780,1562,782,сельдь,5.0,623
2022-02-08,781,1724,942,сельдь,5.0,623
2022-02-09,645,1772,1126,сельдь,4.0,1372
2022-02-10,610,1086,476,сельдь,5.0,623
2022-02-11,618,846,227,сельдь,5.0,623
2022-02-12,633,1543,909,сельдь,5.0,623
2022-02-13,581,1626,1044,сельдь,5.0,623
2022-02-14,637,1763,1125,сельдь,4.0,1372
2022-02-15,618,1984,1366,сельдь,4.0,1372
2022-02-16,578,2151,1572,сельдь,4.0,1372
2022-02-17,599,1297,697,сельдь,5.0,623
2022-02-18,572,1054,481,сельдь,5.0,623
2022-02-19,527,1177,650,сельдь,5.0,623
2022-02-20,556,1261,704,сельдь,5.0,623
2022-02-21,602,1200,597,сельдь,5.0,623
2022-02-22,602,1468,865,сельдь,5.0,623
2022-02-23,614,1669,1054,сельдь,5.0,623
2022-02-24,710,1301,591,сельдь,5.0,623
2022-02-25,809,1024,214,сельдь,5.0,623
2022-02-26,879,1424,545,сельдь,5.0,623
2022-02-27,1066,1478,412,сельдь,5.0,623
2022-02-28,1236,1908,672,сельдь,5.0,623
2022-03-01,1316,2537,1221,сельдь,4.0,1372
2022-03-02,1258,2878,1620,сельдь,4.0,1372
2022-03-03,1352,2520,1167,сельдь,4.0,1372
2022-03-04,1252,2255,1003,сельдь,5.0,623
2022-03-05,1177,1734,557,сельдь,5.0,623
2022-03-06,1109,1100,9,сельдь,5.0,623
2022-03-07,1182,2195,1013,сельдь,5.0,623
2022-03-08,1232,2351,1119,сельдь,4.0,1372
2022-03-09,1212,2653,1440,сельдь,4.0,1372
2022-03-10,1378,2576,1197,сельдь,4.0,1372
2022-03-11,1435,2686,1251,сельдь,4.0,1372
2022-03-12,1503,2649,1145,сельдь,4.0,1372
2022-03-13,1480,2914,1433,сельдь,4.0,1372
2022-03-14,1630,2855,1225,сельдь,4.0,1372
2022-03-15,1544,3105,1561,сельдь,4.0,1372
2022-03-16,1679,3897,2218,сельдь,3.0,2219
2022-03-17,1705,2574,868,сельдь,5.0,623
2022-03-18,1804,2204,399,сельдь,5.0,623
2022-03-19,1834,3343,1508,сельдь,4.0,1372
2022-03-20,1895,3657,1762,сельдь,3.0,2219
2022-03-21,1960,3232,1272,сельдь,4.0,1372
2022-03-22,2043,3935,1892,сельдь,3.0,2219
2022-03-23,2018,4285,2266,сельдь,3.0,2219
2022-03-24,1915,2903,987,сельдь,5.0,623
2022-03-25,1865,2343,478,сельдь,5.0,623
2022-03-26,1745,3253,1508,сельдь,4.0,1372
2022-03-27,1656,3346,1689,сельдь,3.0,2219
2022-03-28,1664,3205,1540,сельдь,4.0,1372
2022-03-29,1935,3752,1816,сельдь,3.0,2219
2022-03-30,2214,4572,2357,сельдь,3.0,2219
2022-03-31,2455,3204,748,сельдь,5.0,623
2022-04-01,2706,2558,148,сельдь,5.0,623
2022-04-02,2744,3620,876,сельдь,5.0,623
2022-04-03,2890,4168,1277,сельдь,4.0,1372
2022-04-04,2913,4539,1626,сельдь,4.0,1372
2022-04-05,2717,5064,2347,сельдь,3.0,2219
2022-04-06,2644,5861,3216,сельдь,3.0,2219
2022-04-07,2716,4428,1711,сельдь,3.0,2219
2022-04-08,2805,3348,543,сельдь,5.0,623
2022-04-09,3523,3765,242,сельдь,5.0,623
2022-04-10,4805,5404,598,сельдь,5.0,623
2022-04-11,5824,7696,1872,сельдь,3.0,2219
2022-04-12,7191,10121,2930,сельдь,3.0,2219
2022-04-13,6616,12825,6209,сельдь,2.0,5789
2022-04-14,5708,11637,5929,сельдь,2.0,5789
2022-04-15,4511,9742,5230,сельдь,2.0,5789
2022-04-16,3493,16499,13005,сельдь,1.0,11731
2022-04-17,2335,14804,12469,сельдь,1.0,11731
2022-04-18,2972,12691,9719,сельдь,1.0,11731
2022-01-03,806,1669,863,треска,5.0,1036
2022-01-04,894,2009,1115,треска,5.0,1036
2022-01-05,959,2125,1165,треска,5.0,1036
2022-01-06,1079,2228,1149,треска,5.0,1036
2022-01-07,1095,2168,1073,треска,5.0,1036
2022-01-08,1106,3092,1986,треска,3.0,2141
2022-01-09,1153,3526,2372,треска,3.0,2141
2022-01-10,1165,4071,2905,треска,2.0,2682
2022-01-11,1071,4290,3219,треска,1.0,3308
2022-01-12,1070,4648,3577,треска,1.0,3308
2022-01-13,1020,3580,2560,треска,2.0,2682
2022-01-14,988,2796,1807,треска,4.0,1638
2022-01-15,964,3034,2069,треска,3.0,2141
2022-01-16,969,2948,1978,треска,3.0,2141
2022-01-17,962,2732,1769,треска,4.0,1638
2022-01-18,1014,3187,2173,треска,3.0,2141
2022-01-19,1012,3531,2518,треска,2.0,2682
2022-01-20,1057,2722,1665,треска,4.0,1638
2022-01-21,1068,2502,1433,треска,4.0,1638
2022-01-22,1086,2704,1617,треска,4.0,1638
2022-01-23,1031,2709,1677,треска,4.0,1638
2022-01-24,1027,2921,1893,треска,3.0,2141
2022-01-25,1009,3104,2095,треска,3.0,2141
2022-01-26,1035,3725,2690,треска,2.0,2682
2022-01-27,1111,3209,2098,треска,3.0,2141
2022-01-28,1297,2933,1636,треска,4.0,1638
2022-01-29,1409,3019,1610,треска,4.0,1638
2022-01-30,1460,3468,2007,треска,3.0,2141
2022-01-31,1464,3317,1853,треска,4.0,1638
2022-02-01,1472,3748,2275,треска,3.0,2141
2022-02-02,1392,4111,2718,треска,2.0,2682
2022-02-03,1301,3661,2360,треска,3.0,2141
2022-02-04,1294,3110,1815,треска,4.0,1638
2022-02-05,1332,3495,2162,треска,3.0,2141
2022-02-06,1353,3469,2116,треска,3.0,2141
2022-02-07,1373,3606,2232,треска,3.0,2141
2022-02-08,1480,4212,2732,треска,2.0,2682
2022-02-09,1558,5361,3802,треска,1.0,3308
2022-02-10,1706,4725,3018,треска,1.0,3308
2022-02-11,1799,4625,2825,треска,2.0,2682
2022-02-12,1844,4602,2757,треска,2.0,2682
2022-02-13,1802,4526,2724,треска,2.0,2682
2022-02-14,1733,3699,1966,треска,3.0,2141
2022-02-15,1684,3827,2142,треска,3.0,2141
2022-02-16,1638,4207,2569,треска,2.0,2682
2022-02-17,1635,3697,2061,треска,3.0,2141
2022-02-18,1654,3216,1562,треска,4.0,1638
2022-02-19,1653,3511,1857,треска,4.0,1638
2022-02-20,1529,3557,2027,треска,3.0,2141
2022-02-21,1435,3102,1666,треска,4.0,1638
2022-02-22,1376,3325,1948,треска,3.0,2141
2022-02-23,1399,3574,2174,треска,3.0,2141
2022-02-24,1472,2936,1463,треска,4.0,1638
2022-02-25,1613,2760,1147,треска,5.0,1036
2022-02-26,1772,3357,1585,треска,4.0,1638
2022-02-27,1883,3569,1686,треска,4.0,1638
2022-02-28,1835,3747,1912,треска,3.0,2141
2022-03-01,1650,4380,2729,треска,2.0,2682
2022-03-02,1518,4567,3049,треска,1.0,3308
2022-03-03,1409,4066,2657,треска,2.0,2682
2022-03-04,1447,3653,2206,треска,3.0,2141
2022-03-05,1505,3415,1909,треска,3.0,2141
2022-03-06,1603,2901,1298,треска,4.0,1638
2022-03-07,1658,3067,1409,треска,4.0,1638
2022-03-08,1601,3241,1639,треска,4.0,1638
2022-03-09,1359,3545,2186,треска,3.0,2141
2022-03-10,1392,3244,1851,треска,4.0,1638
2022-03-11,1432,3372,1940,треска,3.0,2141
2022-03-12,1443,3795,2351,треска,3.0,2141
2022-03-13,1580,3840,2260,треска,3.0,2141
2022-03-14,1726,3896,2169,треска,3.0,2141
2022-03-15,1598,4668,3070,треска,1.0,3308
2022-03-16,1485,4912,3427,треска,1.0,3308
2022-03-17,1287,3928,2641,треска,2.0,2682
2022-03-18,1040,3360,2319,треска,3.0,2141
2022-03-19,751,3384,2633,треска,2.0,2682
2022-03-20,578,2692,2113,треска,3.0,2141
2022-03-21,614,2267,1652,треска,4.0,1638
2022-03-22,797,2498,1701,треска,4.0,1638
2022-03-23,1027,2832,1804,треска,4.0,1638
2022-03-24,1457,2453,995,треска,5.0,1036
2022-03-25,1756,2542,786,треска,5.0,1036
2022-03-26,1727,3201,1473,треска,4.0,1638
2022-03-27,1565,3395,1830,треска,4.0,1638
2022-03-28,1355,3459,2104,треска,3.0,2141
2022-03-29,1179,3575,2396,треска,3.0,2141
2022-03-30,1199,3747,2547,треска,2.0,2682
2022-03-31,1344,3070,1725,треска,4.0,1638
2022-04-01,1538,2811,1272,треска,4.0,1638
2022-04-02,1743,3106,1363,треска,4.0,1638
2022-04-03,1813,3334,1520,треска,4.0,1638
2022-04-04,1829,3571,1742,треска,4.0,1638
2022-04-05,1852,4125,2272,треска,3.0,2141
2022-04-06,1881,4511,2629,треска,2.0,2682
2022-04-07,1761,4116,2354,треска,3.0,2141
2022-04-08,1632,3699,2067,треска,3.0,2141
2022-04-09,1536,3596,2059,треска,3.0,2141
2022-04-10,1526,3725,2198,треска,3.0,2141
2022-04-11,1418,3802,2383,треска,3.0,2141
2022-04-12,1458,4079,2621,треска,2.0,2682
2022-04-13,1537,4374,2836,треска,2.0,2682
2022-04-14,1540,3912,2371,треска,3.0,2141
2022-04-15,1459,3243,1783,треска,4.0,1638
2022-04-16,1458,3415,1957,треска,3.0,2141
2022-04-17,1421,3227,1805,треска,4.0,1638
2022-04-18,1388,2905,1516,треска,4.0,1638
2022-01-03,34,40,6,путассу,5.0,64
2022-01-04,30,48,17,путассу,5.0,64
2022-01-05,32,47,15,путассу,5.0,64
2022-01-06,44,51,7,путассу,5.0,64
2022-01-07,53,72,19,путассу,5.0,64
2022-01-08,57,80,23,путассу,5.0,64
2022-01-09,40,88,47,путассу,5.0,64
2022-01-10,31,77,45,путассу,5.0,64
2022-01-11,12,71,58,путассу,5.0,64
2022-01-12,6,58,52,путассу,5.0,64
2022-01-13,13,56,42,путассу,5.0,64
2022-01-14,29,55,25,путассу,5.0,64
2022-01-15,63,80,17,путассу,5.0,64
2022-01-16,106,116,10,путассу,5.0,64
2022-01-17,128,172,43,путассу,5.0,64
2022-01-18,117,175,57,путассу,5.0,64
2022-01-19,111,177,65,путассу,5.0,64
2022-01-20,78,149,71,путассу,5.0,64
2022-01-21,35,310,274,путассу,4.0,276
2022-01-22,10,248,237,путассу,4.0,276
2022-01-23,10,251,240,путассу,4.0,276
2022-01-24,0,242,242,путассу,4.0,276
2022-01-25,0,249,249,путассу,4.0,276
2022-01-26,4,56,52,путассу,5.0,64
2022-01-27,8,54,46,путассу,5.0,64
2022-01-28,17,48,30,путассу,5.0,64
2022-01-29,30,63,33,путассу,5.0,64
2022-01-30,46,74,27,путассу,5.0,64
2022-01-31,60,93,32,путассу,5.0,64
2022-02-01,77,111,33,путассу,5.0,64
2022-02-02,68,132,63,путассу,5.0,64
2022-02-03,76,115,39,путассу,5.0,64
2022-02-04,73,117,44,путассу,5.0,64
2022-02-05,68,113,44,путассу,5.0,64
2022-02-06,52,119,66,путассу,5.0,64
2022-02-07,52,107,54,путассу,5.0,64
2022-02-08,32,108,76,путассу,5.0,64
2022-02-09,18,93,75,путассу,5.0,64
2022-02-10,4,74,69,путассу,5.0,64
2022-02-11,0,45,45,путассу,5.0,64
2022-02-12,0,46,46,путассу,5.0,64
2022-02-13,0,49,49,путассу,5.0,64
2022-02-14,0,65,65,путассу,5.0,64
2022-02-15,0,68,68,путассу,5.0,64
2022-02-16,0,77,77,путассу,5.0,64
2022-02-17,0,62,62,путассу,5.0,64
2022-02-18,0,60,60,путассу,5.0,64
2022-02-19,0,47,47,путассу,5.0,64
2022-02-20,181,90,91,путассу,5.0,64
2022-02-21,349,230,118,путассу,5.0,64
2022-02-22,349,373,24,путассу,5.0,64
2022-02-23,349,380,31,путассу,5.0,64
2022-02-24,349,368,19,путассу,5.0,64
2022-02-25,200,322,121,путассу,5.0,64
2022-02-26,60,183,122,путассу,5.0,64
2022-02-27,163,44,119,путассу,5.0,64
2022-02-28,475,201,274,путассу,4.0,276
2022-03-01,650,411,238,путассу,4.0,276
2022-03-02,617,771,154,путассу,5.0,64
2022-03-03,659,1011,351,путассу,4.0,276
2022-03-04,882,1060,178,путассу,5.0,64
2022-03-05,937,1282,344,путассу,4.0,276
2022-03-06,894,1338,443,путассу,3.0,496
2022-03-07,1212,1191,20,путассу,5.0,64
2022-03-08,1320,1265,54,путассу,5.0,64
2022-03-09,1191,2110,918,путассу,2.0,787
2022-03-10,1055,1945,889,путассу,2.0,787
2022-03-11,1139,1861,721,путассу,2.0,787
2022-03-12,946,1873,926,путассу,2.0,787
2022-03-13,899,2131,1231,путассу,1.0,1231
2022-03-14,824,1370,546,путассу,3.0,496
2022-03-15,682,1434,752,путассу,2.0,787
2022-03-16,507,1348,840,путассу,2.0,787
2022-03-17,382,1164,781,путассу,2.0,787
2022-03-18,261,580,319,путассу,4.0,276
2022-03-19,232,461,229,путассу,4.0,276
2022-03-20,218,280,61,путассу,5.0,64
2022-03-21,291,575,283,путассу,4.0,276
2022-03-22,447,674,226,путассу,4.0,276
2022-03-23,528,851,323,путассу,4.0,276
2022-03-24,550,935,384,путассу,4.0,276
2022-03-25,559,929,370,путассу,4.0,276
2022-03-26,502,641,139,путассу,5.0,64
2022-03-27,428,565,136,путассу,5.0,64
2022-03-28,430,533,103,путассу,5.0,64
2022-03-29,394,532,138,путассу,5.0,64
2022-03-30,364,586,222,путассу,4.0,276
2022-03-31,360,544,183,путассу,5.0,64
2022-04-01,374,538,164,путассу,5.0,64
2022-04-02,414,515,100,путассу,5.0,64
2022-04-03,520,561,40,путассу,5.0,64
2022-04-04,660,613,47,путассу,5.0,64
2022-04-05,884,784,100,путассу,5.0,64
2022-04-06,1048,1064,15,путассу,5.0,64
2022-04-07,1141,1189,47,путассу,5.0,64
2022-04-08,1200,1257,56,путассу,5.0,64
2022-04-09,1320,1335,15,путассу,5.0,64
2022-04-10,1240,1389,148,путассу,5.0,64
2022-04-11,1298,1325,27,путассу,5.0,64
2022-04-12,1527,1299,228,путассу,4.0,276
2022-04-13,1741,1551,190,путассу,5.0,64
2022-04-14,1899,1683,216,путассу,4.0,276
2022-04-15,2299,1813,485,путассу,3.0,496
2022-04-16,2505,1858,647,путассу,2.0,787
2022-04-17,2501,1987,513,путассу,3.0,496
2022-04-18,2544,1929,614,путассу,2.0,787
2022-01-03,48,1156,1108,скумбрия,1.0,1203
2022-01-04,91,928,837,скумбрия,2.0,925
2022-01-05,105,434,329,скумбрия,4.0,405
2022-01-06,110,256,145,скумбрия,5.0,104
2022-01-07,169,168,0,скумбрия,5.0,104
2022-01-08,193,231,37,скумбрия,5.0,104
2022-01-09,190,267,77,скумбрия,5.0,104
2022-01-10,252,282,30,скумбрия,5.0,104
2022-01-11,317,422,104,скумбрия,5.0,104
2022-01-12,386,511,124,скумбрия,5.0,104
2022-01-13,509,586,76,скумбрия,5.0,104
2022-01-14,610,700,90,скумбрия,5.0,104
2022-01-15,658,927,268,скумбрия,4.0,405
2022-01-16,637,1004,366,скумбрия,4.0,405
2022-01-17,620,1038,417,скумбрия,4.0,405
2022-01-18,580,1087,507,скумбрия,4.0,405
2022-01-19,573,1120,547,скумбрия,3.0,613
2022-01-20,489,969,479,скумбрия,4.0,405
2022-01-21,423,783,359,скумбрия,4.0,405
2022-01-22,333,778,444,скумбрия,4.0,405
2022-01-23,218,637,419,скумбрия,4.0,405
2022-01-24,83,1371,1287,скумбрия,1.0,1203
2022-01-25,48,1252,1203,скумбрия,1.0,1203
2022-01-26,79,1233,1153,скумбрия,1.0,1203
2022-01-27,112,1124,1011,скумбрия,2.0,925
2022-01-28,229,1122,893,скумбрия,2.0,925
2022-01-29,411,347,64,скумбрия,5.0,104
2022-01-30,523,725,202,скумбрия,5.0,104
2022-01-31,654,885,230,скумбрия,5.0,104
2022-02-01,754,1094,339,скумбрия,4.0,405
2022-02-02,719,1338,618,скумбрия,3.0,613
2022-02-03,650,1184,534,скумбрия,3.0,613
2022-02-04,606,904,297,скумбрия,4.0,405
2022-02-05,580,1507,927,скумбрия,2.0,925
2022-02-06,637,1616,979,скумбрия,2.0,925
2022-02-07,600,1680,1080,скумбрия,1.0,1203
2022-02-08,524,1856,1332,скумбрия,1.0,1203
2022-02-09,572,1834,1261,скумбрия,1.0,1203
2022-02-10,593,1313,719,скумбрия,3.0,613
2022-02-11,384,977,592,скумбрия,3.0,613
2022-02-12,361,866,505,скумбрия,4.0,405
2022-02-13,408,815,407,скумбрия,4.0,405
2022-02-14,390,875,484,скумбрия,4.0,405
2022-02-15,327,822,495,скумбрия,4.0,405
2022-02-16,446,1018,571,скумбрия,3.0,613
2022-02-17,482,890,407,скумбрия,4.0,405
2022-02-18,485,821,336,скумбрия,4.0,405
2022-02-19,421,961,540,скумбрия,3.0,613
2022-02-20,361,985,623,скумбрия,3.0,613
2022-02-21,338,819,480,скумбрия,4.0,405
2022-02-22,378,1072,693,скумбрия,3.0,613
2022-02-23,312,1219,907,скумбрия,2.0,925
2022-02-24,267,954,686,скумбрия,3.0,613
2022-02-25,224,711,487,скумбрия,4.0,405
2022-02-26,212,714,501,скумбрия,4.0,405
2022-02-27,191,531,340,скумбрия,4.0,405
2022-02-28,269,494,225,скумбрия,5.0,104
2022-03-01,373,687,313,скумбрия,4.0,405
2022-03-02,462,911,448,скумбрия,4.0,405
2022-03-03,458,1087,629,скумбрия,3.0,613
2022-03-04,421,934,513,скумбрия,4.0,405
2022-03-05,384,817,433,скумбрия,4.0,405
2022-03-06,344,664,320,скумбрия,4.0,405
2022-03-07,297,763,465,скумбрия,4.0,405
2022-03-08,225,574,349,скумбрия,4.0,405
2022-03-09,190,547,357,скумбрия,4.0,405
2022-03-10,140,495,354,скумбрия,4.0,405
2022-03-11,87,435,347,скумбрия,4.0,405
2022-03-12,49,135,85,скумбрия,5.0,104
2022-03-13,58,113,55,скумбрия,5.0,104
2022-03-14,85,146,61,скумбрия,5.0,104
2022-03-15,81,164,82,скумбрия,5.0,104
2022-03-16,84,177,92,скумбрия,5.0,104
2022-03-17,103,163,59,скумбрия,5.0,104
2022-03-18,90,149,58,скумбрия,5.0,104
2022-03-19,60,132,72,скумбрия,5.0,104
2022-03-20,49,130,80,скумбрия,5.0,104
2022-03-21,32,153,120,скумбрия,5.0,104
2022-03-22,11,167,155,скумбрия,5.0,104
2022-03-23,11,181,170,скумбрия,5.0,104
2022-03-24,13,154,141,скумбрия,5.0,104
2022-03-25,14,141,127,скумбрия,5.0,104
2022-03-26,14,130,116,скумбрия,5.0,104
2022-03-27,7,130,122,скумбрия,5.0,104
2022-03-28,5,119,113,скумбрия,5.0,104
2022-03-29,3,131,127,скумбрия,5.0,104
2022-03-30,2,141,138,скумбрия,5.0,104
2022-03-31,3,117,113,скумбрия,5.0,104
2022-04-01,6,94,87,скумбрия,5.0,104
2022-04-02,4,112,107,скумбрия,5.0,104
2022-04-03,4,113,109,скумбрия,5.0,104
2022-04-04,4,120,115,скумбрия,5.0,104
2022-04-05,3,132,129,скумбрия,5.0,104
2022-04-06,0,151,150,скумбрия,5.0,104
2022-04-07,1,127,126,скумбрия,5.0,104
2022-04-08,1,107,105,скумбрия,5.0,104
2022-04-09,3,110,106,скумбрия,5.0,104
2022-04-10,5,123,118,скумбрия,5.0,104
2022-04-11,27,127,100,скумбрия,5.0,104
2022-04-12,47,149,101,скумбрия,5.0,104
2022-04-13,68,181,113,скумбрия,5.0,104
2022-04-14,81,167,86,скумбрия,5.0,104
2022-04-15,89,139,50,скумбрия,5.0,104
2022-04-16,78,156,77,скумбрия,5.0,104
2022-04-17,70,163,93,скумбрия,5.0,104
2022-04-18,61,124,63,скумбрия,5.0,104
2022-01-03,366,568,201,пикша,5.0,206
2022-01-04,406,674,267,пикша,4.0,301
2022-01-05,406,738,331,пикша,4.0,301
2022-01-06,406,749,342,пикша,4.0,301
2022-01-07,412,747,334,пикша,4.0,301
2022-01-08,394,871,477,пикша,2.0,505
2022-01-09,406,981,575,пикша,2.0,505
2022-01-10,402,1065,663,пикша,1.0,646
2022-01-11,407,1092,684,пикша,1.0,646
2022-01-12,398,1163,765,пикша,1.0,646
2022-01-13,380,1003,622,пикша,1.0,646
2022-01-14,353,829,475,пикша,2.0,505
2022-01-15,347,918,571,пикша,2.0,505
2022-01-16,328,933,605,пикша,1.0,646
2022-01-17,300,844,543,пикша,2.0,505
2022-01-18,305,864,558,пикша,2.0,505
2022-01-19,314,936,622,пикша,1.0,646
2022-01-20,329,748,418,пикша,3.0,379
2022-01-21,332,682,349,пикша,3.0,379
2022-01-22,354,845,490,пикша,2.0,505
2022-01-23,336,889,552,пикша,2.0,505
2022-01-24,311,942,630,пикша,1.0,646
2022-01-25,286,894,608,пикша,1.0,646
2022-01-26,294,968,674,пикша,1.0,646
2022-01-27,294,767,472,пикша,2.0,505
2022-01-28,291,773,481,пикша,2.0,505
2022-01-29,275,754,478,пикша,2.0,505
2022-01-30,242,868,625,пикша,1.0,646
2022-01-31,211,834,622,пикша,1.0,646
2022-02-01,199,861,661,пикша,1.0,646
2022-02-02,217,857,640,пикша,1.0,646
2022-02-03,223,754,530,пикша,2.0,505
2022-02-04,243,656,412,пикша,3.0,379
2022-02-05,269,757,487,пикша,2.0,505
2022-02-06,272,771,499,пикша,2.0,505
2022-02-07,269,736,466,пикша,2.0,505
2022-02-08,281,760,478,пикша,2.0,505
2022-02-09,275,791,515,пикша,2.0,505
2022-02-10,258,636,377,пикша,3.0,379
2022-02-11,256,574,317,пикша,4.0,301
2022-02-12,247,670,422,пикша,3.0,379
2022-02-13,228,727,499,пикша,2.0,505
2022-02-14,218,746,527,пикша,2.0,505
2022-02-15,198,730,532,пикша,2.0,505
2022-02-16,163,791,628,пикша,1.0,646
2022-02-17,121,613,492,пикша,2.0,505
2022-02-18,102,440,338,пикша,4.0,301
2022-02-19,92,404,311,пикша,4.0,301
2022-02-20,99,373,274,пикша,4.0,301
2022-02-21,121,309,187,пикша,5.0,206
2022-02-22,138,395,257,пикша,4.0,301
2022-02-23,146,460,313,пикша,4.0,301
2022-02-24,157,423,266,пикша,4.0,301
2022-02-25,151,421,269,пикша,4.0,301
2022-02-26,125,491,365,пикша,3.0,379
2022-02-27,113,405,291,пикша,4.0,301
2022-02-28,117,386,268,пикша,4.0,301
2022-03-01,105,410,305,пикша,4.0,301
2022-03-02,103,438,335,пикша,4.0,301
2022-03-03,129,375,245,пикша,4.0,301
2022-03-04,152,365,213,пикша,5.0,206
2022-03-05,168,384,216,пикша,5.0,206
2022-03-06,189,379,189,пикша,5.0,206
2022-03-07,203,460,256,пикша,4.0,301
2022-03-08,190,518,328,пикша,4.0,301
2022-03-09,170,557,386,пикша,3.0,379
2022-03-10,153,526,373,пикша,3.0,379
2022-03-11,145,507,361,пикша,3.0,379
2022-03-12,140,517,377,пикша,3.0,379
2022-03-13,157,486,329,пикша,4.0,301
2022-03-14,220,532,311,пикша,4.0,301
2022-03-15,244,670,425,пикша,3.0,379
2022-03-16,244,730,486,пикша,2.0,505
2022-03-17,216,605,389,пикша,3.0,379
2022-03-18,196,568,372,пикша,3.0,379
2022-03-19,119,567,448,пикша,2.0,505
2022-03-20,100,430,329,пикша,4.0,301
2022-03-21,143,443,300,пикша,4.0,301
2022-03-22,202,497,295,пикша,4.0,301
2022-03-23,233,547,314,пикша,4.0,301
2022-03-24,296,528,231,пикша,5.0,206
2022-03-25,297,587,289,пикша,4.0,301
2022-03-26,246,531,284,пикша,4.0,301
2022-03-27,215,500,285,пикша,4.0,301
2022-03-28,195,509,313,пикша,4.0,301
2022-03-29,176,471,294,пикша,4.0,301
2022-03-30,189,489,300,пикша,4.0,301
2022-03-31,187,501,313,пикша,4.0,301
2022-04-01,180,459,279,пикша,4.0,301
2022-04-02,170,438,267,пикша,4.0,301
2022-04-03,149,430,281,пикша,4.0,301
2022-04-04,124,412,288,пикша,4.0,301
2022-04-05,121,406,285,пикша,4.0,301
2022-04-06,141,472,330,пикша,4.0,301
2022-04-07,141,482,340,пикша,4.0,301
2022-04-08,146,461,314,пикша,4.0,301
2022-04-09,143,471,328,пикша,4.0,301
2022-04-10,138,509,371,пикша,3.0,379
2022-04-11,129,498,368,пикша,3.0,379
2022-04-12,186,521,334,пикша,4.0,301
2022-04-13,266,626,360,пикша,3.0,379
2022-04-14,328,697,368,пикша,3.0,379
2022-04-15,378,686,307,пикша,4.0,301
2022-04-16,398,764,366,пикша,3.0,379
2022-04-17,381,762,380,пикша,3.0,379
2022-04-18,328,680,352,пикша,3.0,379
2022-01-03,64,42,22,шпрот,5.0,18
2022-01-04,65,64,0,шпрот,5.0,18
2022-01-05,64,73,9,шпрот,5.0,18
2022-01-06,66,84,17,шпрот,5.0,18
2022-01-07,114,114,0,шпрот,5.0,18
2022-01-08,185,106,78,шпрот,4.0,65
2022-01-09,290,102,188,шпрот,2.0,214
2022-01-10,325,132,193,шпрот,2.0,214
2022-01-11,322,131,191,шпрот,2.0,214
2022-01-12,220,108,111,шпрот,3.0,125
2022-01-13,140,104,36,шпрот,5.0,18
2022-01-14,38,88,49,шпрот,4.0,65
2022-01-15,3,56,52,шпрот,4.0,65
2022-01-16,11,39,27,шпрот,5.0,18
2022-01-17,12,37,25,шпрот,5.0,18
2022-01-18,12,31,18,шпрот,5.0,18
2022-01-19,9,37,28,шпрот,5.0,18
2022-01-20,9,56,47,шпрот,4.0,65
2022-01-21,100,78,22,шпрот,5.0,18
2022-01-22,164,81,83,шпрот,4.0,65
2022-01-23,195,89,105,шпрот,3.0,125
2022-01-24,301,117,184,шпрот,2.0,214
2022-01-25,301,171,130,шпрот,3.0,125
2022-01-26,202,170,32,шпрот,5.0,18
2022-01-27,138,193,54,шпрот,4.0,65
2022-01-28,108,208,99,шпрот,3.0,125
2022-01-29,1,241,239,шпрот,2.0,214
2022-01-30,74,231,156,шпрот,3.0,125
2022-01-31,142,295,152,шпрот,3.0,125
2022-02-01,235,390,155,шпрот,3.0,125
2022-02-02,393,421,28,шпрот,5.0,18
2022-02-03,393,400,6,шпрот,5.0,18
2022-02-04,320,344,23,шпрот,5.0,18
2022-02-05,253,251,1,шпрот,5.0,18
2022-02-06,179,140,39,шпрот,5.0,18
2022-02-07,49,102,53,шпрот,4.0,65
2022-02-08,117,72,45,шпрот,4.0,65
2022-02-09,234,68,166,шпрот,2.0,214
2022-02-10,274,131,143,шпрот,3.0,125
2022-02-11,316,211,104,шпрот,3.0,125
2022-02-12,338,217,120,шпрот,3.0,125
2022-02-13,430,259,171,шпрот,2.0,214
2022-02-14,339,280,58,шпрот,4.0,65
2022-02-15,299,299,0,шпрот,5.0,18
2022-02-16,235,232,2,шпрот,5.0,18
2022-02-17,186,234,48,шпрот,4.0,65
2022-02-18,25,235,210,шпрот,2.0,214
2022-02-19,0,257,257,шпрот,2.0,214
2022-02-20,0,253,253,шпрот,2.0,214
2022-02-21,30,283,252,шпрот,2.0,214
2022-02-22,54,311,256,шпрот,2.0,214
2022-02-23,54,312,257,шпрот,2.0,214
2022-02-24,214,289,75,шпрот,4.0,65
2022-02-25,331,218,113,шпрот,3.0,125
2022-02-26,435,167,267,шпрот,2.0,214
2022-02-27,527,198,329,шпрот,1.0,335
2022-02-28,626,202,423,шпрот,1.0,335
2022-03-01,520,214,305,шпрот,1.0,335
2022-03-02,433,225,208,шпрот,2.0,214
2022-03-03,399,232,166,шпрот,2.0,214
2022-03-04,369,150,218,шпрот,2.0,214
2022-03-05,280,91,188,шпрот,2.0,214
2022-03-06,324,69,254,шпрот,2.0,214
2022-03-07,398,83,315,шпрот,1.0,335
2022-03-08,340,99,240,шпрот,2.0,214
2022-03-09,365,117,248,шпрот,2.0,214
2022-03-10,448,125,323,шпрот,1.0,335
2022-03-11,441,124,317,шпрот,1.0,335
2022-03-12,389,156,233,шпрот,2.0,214
2022-03-13,394,219,175,шпрот,2.0,214
2022-03-14,357,270,86,шпрот,4.0,65
2022-03-15,338,287,51,шпрот,4.0,65
2022-03-16,325,375,49,шпрот,4.0,65
2022-03-17,340,324,15,шпрот,5.0,18
2022-03-18,357,273,83,шпрот,4.0,65
2022-03-19,348,225,123,шпрот,3.0,125
2022-03-20,345,270,75,шпрот,4.0,65
2022-03-21,333,183,150,шпрот,3.0,125
2022-03-22,344,199,145,шпрот,3.0,125
2022-03-23,347,161,186,шпрот,2.0,214
2022-03-24,287,144,142,шпрот,3.0,125
2022-03-25,246,82,164,шпрот,2.0,214
2022-03-26,186,103,82,шпрот,4.0,65
2022-03-27,150,88,61,шпрот,4.0,65
2022-03-28,159,107,52,шпрот,4.0,65
2022-03-29,231,123,108,шпрот,3.0,125
2022-03-30,208,229,21,шпрот,5.0,18
2022-03-31,204,211,7,шпрот,5.0,18
2022-04-01,210,211,0,шпрот,5.0,18
2022-04-02,139,206,66,шпрот,4.0,65
2022-04-03,72,208,135,шпрот,3.0,125
2022-04-04,87,126,39,шпрот,5.0,18
2022-04-05,97,129,32,шпрот,5.0,18
2022-04-06,56,134,77,шпрот,4.0,65
2022-04-07,57,126,68,шпрот,4.0,65
2022-04-08,57,115,57,шпрот,4.0,65
2022-04-09,83,96,12,шпрот,5.0,18
2022-04-10,116,85,30,шпрот,5.0,18
2022-04-11,156,71,85,шпрот,4.0,65
2022-04-12,191,69,121,шпрот,3.0,125
2022-04-13,183,74,109,шпрот,3.0,125
2022-04-14,147,62,84,шпрот,4.0,65
2022-04-15,183,63,120,шпрот,3.0,125
2022-04-16,199,114,84,шпрот,4.0,65
2022-04-17,229,127,101,шпрот,3.0,125
2022-04-18,238,116,122,шпрот,3.0,125
2022-01-03,0,2,2,мойва,5.0,25
2022-01-04,0,3,3,мойва,5.0,25
2022-01-05,0,3,3,мойва,5.0,25
2022-01-06,0,3,3,мойва,5.0,25
2022-01-07,0,3,3,мойва,5.0,25
2022-01-08,0,3,3,мойва,5.0,25
2022-01-09,0,5,5,мойва,5.0,25
2022-01-10,0,6,6,мойва,5.0,25
2022-01-11,0,6,6,мойва,5.0,25
2022-01-12,0,7,7,мойва,5.0,25
2022-01-13,0,5,5,мойва,5.0,25
2022-01-14,0,4,4,мойва,5.0,25
2022-01-15,0,5,5,мойва,5.0,25
2022-01-16,0,10,10,мойва,5.0,25
2022-01-17,0,11,11,мойва,5.0,25
2022-01-18,0,12,12,мойва,5.0,25
2022-01-19,0,13,13,мойва,5.0,25
2022-01-20,0,10,10,мойва,5.0,25
2022-01-21,0,5,5,мойва,5.0,25
2022-01-22,0,5,5,мойва,5.0,25
2022-01-23,0,6,6,мойва,5.0,25
2022-01-24,0,7,7,мойва,5.0,25
2022-01-25,0,8,8,мойва,5.0,25
2022-01-26,0,8,8,мойва,5.0,25
2022-01-27,0,7,7,мойва,5.0,25
2022-01-28,0,5,5,мойва,5.0,25
2022-01-29,0,5,5,мойва,5.0,25
2022-01-30,0,8,8,мойва,5.0,25
2022-01-31,0,10,10,мойва,5.0,25
2022-02-01,0,12,12,мойва,5.0,25
2022-02-02,0,13,13,мойва,5.0,25
2022-02-03,0,12,12,мойва,5.0,25
2022-02-04,0,8,8,мойва,5.0,25
2022-02-05,0,7,7,мойва,5.0,25
2022-02-06,0,7,7,мойва,5.0,25
2022-02-07,0,7,7,мойва,5.0,25
2022-02-08,0,8,8,мойва,5.0,25
2022-02-09,0,9,9,мойва,5.0,25
2022-02-10,0,7,7,мойва,5.0,25
2022-02-11,0,5,5,мойва,5.0,25
2022-02-12,0,8,8,мойва,5.0,25
2022-02-13,2,8,6,мойва,5.0,25
2022-02-14,33,10,22,мойва,5.0,25
2022-02-15,161,44,116,мойва,5.0,25
2022-02-16,286,174,112,мойва,5.0,25
2022-02-17,387,295,91,мойва,5.0,25
2022-02-18,563,395,168,мойва,4.0,255
2022-02-19,575,572,3,мойва,5.0,25
2022-02-20,541,584,42,мойва,5.0,25
2022-02-21,623,547,75,мойва,5.0,25
2022-02-22,774,1063,288,мойва,4.0,255
2022-02-23,864,1265,401,мойва,4.0,255
2022-02-24,1044,1339,295,мойва,4.0,255
2022-02-25,1150,1403,252,мойва,4.0,255
2022-02-26,1110,1456,346,мойва,4.0,255
2022-02-27,947,938,8,мойва,5.0,25
2022-02-28,762,704,57,мойва,5.0,25
2022-03-01,603,824,221,мойва,4.0,255
2022-03-02,676,775,98,мойва,5.0,25
2022-03-03,725,837,112,мойва,5.0,25
2022-03-04,847,896,48,мойва,5.0,25
2022-03-05,873,1025,152,мойва,4.0,255
2022-03-06,967,747,220,мойва,4.0,255
2022-03-07,799,1137,338,мойва,4.0,255
2022-03-08,695,2225,1530,мойва,2.0,1526
2022-03-09,582,2338,1755,мойва,2.0,1526
2022-03-10,538,2239,1700,мойва,2.0,1526
2022-03-11,398,2777,2379,мойва,1.0,2246
2022-03-12,322,2435,2113,мойва,1.0,2246
2022-03-13,285,1316,1031,мойва,3.0,792
2022-03-14,296,1547,1250,мойва,2.0,1526
2022-03-15,375,1774,1399,мойва,2.0,1526
2022-03-16,456,1237,781,мойва,3.0,792
2022-03-17,467,1177,710,мойва,3.0,792
2022-03-18,394,1012,618,мойва,3.0,792
2022-03-19,325,530,204,мойва,4.0,255
2022-03-20,183,242,58,мойва,5.0,25
2022-03-21,116,334,217,мойва,4.0,255
2022-03-22,94,315,221,мойва,4.0,255
2022-03-23,122,316,194,мойва,4.0,255
2022-03-24,109,293,184,мойва,4.0,255
2022-03-25,131,286,155,мойва,4.0,255
2022-03-26,120,309,188,мойва,4.0,255
2022-03-27,103,303,200,мойва,4.0,255
2022-03-28,84,786,701,мойва,3.0,792
2022-03-29,67,773,705,мойва,3.0,792
2022-03-30,62,743,681,мойва,3.0,792
2022-03-31,52,540,488,мойва,4.0,255
2022-04-01,69,526,457,мойва,4.0,255
2022-04-02,80,44,36,мойва,5.0,25
2022-04-03,93,49,43,мойва,5.0,25
2022-04-04,90,144,53,мойва,5.0,25
2022-04-05,89,144,55,мойва,5.0,25
2022-04-06,77,136,59,мойва,5.0,25
2022-04-07,64,122,57,мойва,5.0,25
2022-04-08,46,111,65,мойва,5.0,25
2022-04-09,38,36,1,мойва,5.0,25
2022-04-10,35,156,121,мойва,5.0,25
2022-04-11,33,182,148,мойва,4.0,255
2022-04-12,32,205,172,мойва,4.0,255
2022-04-13,32,237,204,мойва,4.0,255
2022-04-14,33,283,250,мойва,4.0,255
2022-04-15,36,277,241,мойва,4.0,255
2022-04-16,32,472,440,мойва,4.0,255
2022-04-17,23,959,936,мойва,3.0,792
2022-04-18,17,987,969,мойва,3.0,792
2022-01-03,50,406,356,краб,5.0,377
2022-01-04,79,542,463,краб,4.0,562
2022-01-05,111,479,368,краб,5.0,377
2022-01-06,148,531,383,краб,5.0,377
2022-01-07,175,560,384,краб,5.0,377
2022-01-08,218,733,514,краб,4.0,562
2022-01-09,234,842,607,краб,4.0,562
2022-01-10,228,982,754,краб,2.0,738
2022-01-11,221,1042,820,краб,1.0,900
2022-01-12,213,1142,928,краб,1.0,900
2022-01-13,184,923,738,краб,2.0,738
2022-01-14,176,735,558,краб,4.0,562
2022-01-15,169,695,525,краб,4.0,562
2022-01-16,146,695,549,краб,4.0,562
2022-01-17,144,650,505,краб,4.0,562
2022-01-18,144,810,665,краб,3.0,653
2022-01-19,137,993,855,краб,1.0,900
2022-01-20,148,903,754,краб,2.0,738
2022-01-21,177,827,650,краб,3.0,653
2022-01-22,191,945,753,краб,2.0,738
2022-01-23,205,936,731,краб,2.0,738
2022-01-24,207,910,703,краб,2.0,738
2022-01-25,201,949,748,краб,2.0,738
2022-01-26,183,1049,866,краб,1.0,900
2022-01-27,170,848,678,краб,3.0,653
2022-01-28,152,708,555,краб,4.0,562
2022-01-29,147,751,604,краб,4.0,562
2022-01-30,144,864,719,краб,2.0,738
2022-01-31,142,867,725,краб,2.0,738
2022-02-01,138,1030,892,краб,1.0,900
2022-02-02,129,1143,1013,краб,1.0,900
2022-02-03,127,949,821,краб,1.0,900
2022-02-04,129,774,644,краб,3.0,653
2022-02-05,148,781,633,краб,3.0,653
2022-02-06,163,731,567,краб,4.0,562
2022-02-07,180,760,579,краб,4.0,562
2022-02-08,192,845,653,краб,3.0,653
2022-02-09,201,976,775,краб,2.0,738
2022-02-10,196,836,639,краб,3.0,653
2022-02-11,192,746,553,краб,4.0,562
2022-02-12,180,774,594,краб,4.0,562
2022-02-13,160,826,666,краб,3.0,653
2022-02-14,133,798,664,краб,3.0,653
2022-02-15,115,894,779,краб,2.0,738
2022-02-16,103,1019,915,краб,1.0,900
2022-02-17,102,862,760,краб,2.0,738
2022-02-18,103,702,598,краб,4.0,562
2022-02-19,105,766,660,краб,3.0,653
2022-02-20,105,822,717,краб,2.0,738
2022-02-21,103,714,610,краб,4.0,562
2022-02-22,102,821,718,краб,2.0,738
2022-02-23,106,926,820,краб,1.0,900
2022-02-24,123,761,638,краб,3.0,653
2022-02-25,144,638,493,краб,4.0,562
2022-02-26,160,735,575,краб,4.0,562
2022-02-27,173,850,676,краб,3.0,653
2022-02-28,172,908,735,краб,2.0,738
2022-03-01,155,1039,884,краб,1.0,900
2022-03-02,136,1183,1046,краб,1.0,900
2022-03-03,131,1092,960,краб,1.0,900
2022-03-04,124,853,729,краб,2.0,738
2022-03-05,131,776,644,краб,3.0,653
2022-03-06,149,648,498,краб,4.0,562
2022-03-07,165,742,577,краб,4.0,562
2022-03-08,158,856,698,краб,2.0,738
2022-03-09,158,1003,844,краб,1.0,900
2022-03-10,152,922,769,краб,2.0,738
2022-03-11,147,892,745,краб,2.0,738
2022-03-12,135,862,727,краб,2.0,738
2022-03-13,129,823,693,краб,2.0,738
2022-03-14,125,837,712,краб,2.0,738
2022-03-15,128,969,841,краб,1.0,900
2022-03-16,129,1088,959,краб,1.0,900
2022-03-17,130,881,751,краб,2.0,738
2022-03-18,129,759,629,краб,3.0,653
2022-03-19,125,759,634,краб,3.0,653
2022-03-20,110,723,612,краб,4.0,562
2022-03-21,106,710,603,краб,4.0,562
2022-03-22,113,793,680,краб,3.0,653
2022-03-23,125,900,775,краб,2.0,738
2022-03-24,135,755,620,краб,4.0,562
2022-03-25,153,674,521,краб,4.0,562
2022-03-26,146,765,618,краб,4.0,562
2022-03-27,126,853,727,краб,2.0,738
2022-03-28,129,797,668,краб,3.0,653
2022-03-29,151,860,709,краб,2.0,738
2022-03-30,176,957,780,краб,2.0,738
2022-03-31,208,789,580,краб,4.0,562
2022-04-01,259,657,398,краб,5.0,377
2022-04-02,270,777,507,краб,4.0,562
2022-04-03,263,872,609,краб,4.0,562
2022-04-04,256,989,733,краб,2.0,738
2022-04-05,255,1123,868,краб,1.0,900
2022-04-06,246,1193,947,краб,1.0,900
2022-04-07,264,1045,781,краб,2.0,738
2022-04-08,282,933,650,краб,3.0,653
2022-04-09,297,948,650,краб,3.0,653
2022-04-10,320,1038,718,краб,2.0,738
2022-04-11,351,1171,819,краб,1.0,900
2022-04-12,372,1327,955,краб,1.0,900
2022-04-13,391,1462,1071,краб,1.0,900
2022-04-14,410,1284,874,краб,1.0,900
2022-04-15,413,1136,723,краб,2.0,738
2022-04-16,414,1173,759,краб,2.0,738
2022-04-17,411,1226,815,краб,1.0,900
2022-04-18,398,1047,649,краб,3.0,653
2022-01-03,123,213,90,килька,5.0,254
2022-01-04,155,389,234,килька,5.0,254
2022-01-05,156,420,264,килька,5.0,254
2022-01-06,169,451,282,килька,5.0,254
2022-01-07,136,487,350,килька,5.0,254
2022-01-08,133,529,396,килька,4.0,486
2022-01-09,136,720,584,килька,4.0,486
2022-01-10,142,1081,938,килька,2.0,1135
2022-01-11,129,1194,1065,килька,2.0,1135
2022-01-12,113,1153,1040,килька,2.0,1135
2022-01-13,70,990,920,килька,2.0,1135
2022-01-14,44,664,620,килька,4.0,486
2022-01-15,24,345,320,килька,5.0,254
2022-01-16,24,203,179,килька,5.0,254
2022-01-17,24,243,218,килька,5.0,254
2022-01-18,26,254,227,килька,5.0,254
2022-01-19,91,266,174,килька,5.0,254
2022-01-20,93,264,170,килька,5.0,254
2022-01-21,98,301,203,килька,5.0,254
2022-01-22,105,435,329,килька,5.0,254
2022-01-23,119,547,427,килька,4.0,486
2022-01-24,203,796,593,килька,4.0,486
2022-01-25,213,995,781,килька,3.0,734
2022-01-26,256,1149,893,килька,2.0,1135
2022-01-27,330,1044,714,килька,3.0,734
2022-01-28,406,996,590,килька,4.0,486
2022-01-29,318,875,557,килька,4.0,486
2022-01-30,392,804,412,килька,4.0,486
2022-01-31,439,905,465,килька,4.0,486
2022-02-01,460,1159,698,килька,3.0,734
2022-02-02,384,1413,1028,килька,2.0,1135
2022-02-03,314,1527,1212,килька,2.0,1135
2022-02-04,217,1526,1308,килька,2.0,1135
2022-02-05,135,1380,1245,килька,2.0,1135
2022-02-06,48,1113,1065,килька,2.0,1135
2022-02-07,49,848,798,килька,3.0,734
2022-02-08,55,649,593,килька,4.0,486
2022-02-09,139,632,492,килька,4.0,486
2022-02-10,252,675,422,килька,4.0,486
2022-02-11,243,901,657,килька,3.0,734
2022-02-12,323,1135,812,килька,3.0,734
2022-02-13,342,1342,999,килька,2.0,1135
2022-02-14,350,1502,1152,килька,2.0,1135
2022-02-15,276,1576,1300,килька,2.0,1135
2022-02-16,290,1458,1167,килька,2.0,1135
2022-02-17,252,1232,979,килька,2.0,1135
2022-02-18,332,1059,727,килька,3.0,734
2022-02-19,324,835,510,килька,4.0,486
2022-02-20,321,702,381,килька,4.0,486
2022-02-21,366,661,294,килька,5.0,254
2022-02-22,368,730,361,килька,5.0,254
2022-02-23,264,769,504,килька,4.0,486
2022-02-24,179,741,561,килька,4.0,486
2022-02-25,145,752,606,килька,4.0,486
2022-02-26,190,994,803,килька,3.0,734
2022-02-27,180,1345,1165,килька,2.0,1135
2022-02-28,232,1612,1379,килька,2.0,1135
2022-03-01,237,1909,1672,килька,1.0,1722
2022-03-02,221,2019,1797,килька,1.0,1722
2022-03-03,115,1814,1698,килька,1.0,1722
2022-03-04,65,1428,1363,килька,2.0,1135
2022-03-05,47,1225,1177,килька,2.0,1135
2022-03-06,95,918,823,килька,3.0,734
2022-03-07,153,931,778,килька,3.0,734
2022-03-08,147,1127,980,килька,2.0,1135
2022-03-09,188,1274,1085,килька,2.0,1135
2022-03-10,160,1189,1028,килька,2.0,1135
2022-03-11,212,1333,1121,килька,2.0,1135
2022-03-12,251,1428,1177,килька,2.0,1135
2022-03-13,338,1343,1004,килька,2.0,1135
2022-03-14,320,1442,1121,килька,2.0,1135
2022-03-15,409,1519,1110,килька,2.0,1135
2022-03-16,341,1563,1221,килька,2.0,1135
2022-03-17,290,1393,1102,килька,2.0,1135
2022-03-18,244,1340,1096,килька,2.0,1135
2022-03-19,321,1344,1022,килька,2.0,1135
2022-03-20,235,1444,1208,килька,2.0,1135
2022-03-21,203,1486,1282,килька,2.0,1135
2022-03-22,157,1562,1405,килька,2.0,1135
2022-03-23,119,1584,1465,килька,2.0,1135
2022-03-24,27,1254,1227,килька,2.0,1135
2022-03-25,63,1027,964,килька,2.0,1135
2022-03-26,57,844,786,килька,3.0,734
2022-03-27,71,595,523,килька,4.0,486
2022-03-28,130,423,293,килька,5.0,254
2022-03-29,207,600,392,килька,4.0,486
2022-03-30,160,833,673,килька,3.0,734
2022-03-31,160,806,645,килька,3.0,734
2022-04-01,146,793,646,килька,3.0,734
2022-04-02,85,824,739,килька,3.0,734
2022-04-03,0,669,669,килька,3.0,734
2022-04-04,0,393,393,килька,4.0,486
2022-04-05,0,333,333,килька,5.0,254
2022-04-06,0,340,340,килька,5.0,254
2022-04-07,0,236,236,килька,5.0,254
2022-04-08,0,190,190,килька,5.0,254
2022-04-09,0,169,169,килька,5.0,254
2022-04-10,0,200,200,килька,5.0,254
2022-04-11,0,246,246,килька,5.0,254
2022-04-12,0,331,331,килька,5.0,254
2022-04-13,0,437,437,килька,4.0,486
2022-04-14,0,425,425,килька,4.0,486
2022-04-15,0,409,409,килька,4.0,486
2022-04-16,0,428,428,килька,4.0,486
2022-04-17,0,443,443,килька,4.0,486
2022-04-18,0,324,324,килька,5.0,254
2022-01-03,85,129,44,камбалы,5.0,58
2022-01-04,88,182,94,камбалы,4.0,120
2022-01-05,129,179,50,камбалы,5.0,58
2022-01-06,143,229,85,камбалы,5.0,58
2022-01-07,194,224,29,камбалы,5.0,58
2022-01-08,241,303,61,камбалы,5.0,58
2022-01-09,349,447,97,камбалы,4.0,120
2022-01-10,400,585,184,камбалы,3.0,189
2022-01-11,440,676,236,камбалы,2.0,258
2022-01-12,432,841,408,камбалы,1.0,356
2022-01-13,387,778,391,камбалы,1.0,356
2022-01-14,301,637,336,камбалы,1.0,356
2022-01-15,211,574,363,камбалы,1.0,356
2022-01-16,167,481,314,камбалы,1.0,356
2022-01-17,174,344,170,камбалы,3.0,189
2022-01-18,172,392,219,камбалы,3.0,189
2022-01-19,204,411,206,камбалы,3.0,189
2022-01-20,250,390,140,камбалы,4.0,120
2022-01-21,281,384,102,камбалы,4.0,120
2022-01-22,279,498,219,камбалы,3.0,189
2022-01-23,315,505,190,камбалы,3.0,189
2022-01-24,336,557,220,камбалы,3.0,189
2022-01-25,312,542,229,камбалы,2.0,258
2022-01-26,268,632,364,камбалы,1.0,356
2022-01-27,224,473,249,камбалы,2.0,258
2022-01-28,171,435,264,камбалы,2.0,258
2022-01-29,139,383,244,камбалы,2.0,258
2022-01-30,122,401,279,камбалы,2.0,258
2022-01-31,141,305,163,камбалы,3.0,189
2022-02-01,210,347,136,камбалы,4.0,120
2022-02-02,229,395,165,камбалы,3.0,189
2022-02-03,240,381,141,камбалы,4.0,120
2022-02-04,245,380,134,камбалы,4.0,120
2022-02-05,219,434,214,камбалы,3.0,189
2022-02-06,169,451,281,камбалы,2.0,258
2022-02-07,201,383,182,камбалы,3.0,189
2022-02-08,167,371,204,камбалы,3.0,189
2022-02-09,179,392,212,камбалы,3.0,189
2022-02-10,224,361,137,камбалы,4.0,120
2022-02-11,249,381,132,камбалы,4.0,120
2022-02-12,241,450,208,камбалы,3.0,189
2022-02-13,260,540,279,камбалы,2.0,258
2022-02-14,253,551,298,камбалы,2.0,258
2022-02-15,227,549,322,камбалы,1.0,356
2022-02-16,199,549,349,камбалы,1.0,356
2022-02-17,195,485,289,камбалы,2.0,258
2022-02-18,157,412,255,камбалы,2.0,258
2022-02-19,135,381,246,камбалы,2.0,258
2022-02-20,101,348,246,камбалы,2.0,258
2022-02-21,81,269,187,камбалы,3.0,189
2022-02-22,44,244,199,камбалы,3.0,189
2022-02-23,65,211,145,камбалы,3.0,189
2022-02-24,80,142,62,камбалы,5.0,58
2022-02-25,100,171,71,камбалы,5.0,58
2022-02-26,140,235,95,камбалы,4.0,120
2022-02-27,148,272,124,камбалы,4.0,120
2022-02-28,134,290,156,камбалы,3.0,189
2022-03-01,129,321,192,камбалы,3.0,189
2022-03-02,123,336,213,камбалы,3.0,189
2022-03-03,96,337,240,камбалы,2.0,258
2022-03-04,92,284,191,камбалы,3.0,189
2022-03-05,89,286,197,камбалы,3.0,189
2022-03-06,88,256,168,камбалы,3.0,189
2022-03-07,89,240,150,камбалы,3.0,189
2022-03-08,74,201,127,камбалы,4.0,120
2022-03-09,62,225,162,камбалы,3.0,189
2022-03-10,59,180,121,камбалы,4.0,120
2022-03-11,53,175,122,камбалы,4.0,120
2022-03-12,45,153,108,камбалы,4.0,120
2022-03-13,75,156,80,камбалы,5.0,58
2022-03-14,98,209,110,камбалы,4.0,120
2022-03-15,135,269,134,камбалы,4.0,120
2022-03-16,142,316,174,камбалы,3.0,189
2022-03-17,168,299,131,камбалы,4.0,120
2022-03-18,170,268,97,камбалы,4.0,120
2022-03-19,142,262,120,камбалы,4.0,120
2022-03-20,106,230,124,камбалы,4.0,120
2022-03-21,111,182,70,камбалы,5.0,58
2022-03-22,124,187,62,камбалы,5.0,58
2022-03-23,113,189,76,камбалы,5.0,58
2022-03-24,139,160,21,камбалы,5.0,58
2022-03-25,157,144,12,камбалы,5.0,58
2022-03-26,155,204,48,камбалы,5.0,58
2022-03-27,109,214,104,камбалы,4.0,120
2022-03-28,88,221,132,камбалы,4.0,120
2022-03-29,84,190,105,камбалы,4.0,120
2022-03-30,90,223,132,камбалы,4.0,120
2022-03-31,84,166,82,камбалы,5.0,58
2022-04-01,109,167,57,камбалы,5.0,58
2022-04-02,126,208,81,камбалы,5.0,58
2022-04-03,124,264,139,камбалы,4.0,120
2022-04-04,131,280,148,камбалы,3.0,189
2022-04-05,144,343,199,камбалы,3.0,189
2022-04-06,149,400,250,камбалы,2.0,258
2022-04-07,135,368,233,камбалы,2.0,258
2022-04-08,162,341,179,камбалы,3.0,189
2022-04-09,130,340,210,камбалы,3.0,189
2022-04-10,132,336,204,камбалы,3.0,189
2022-04-11,109,364,255,камбалы,2.0,258
2022-04-12,135,423,287,камбалы,2.0,258
2022-04-13,120,483,362,камбалы,1.0,356
2022-04-14,161,432,271,камбалы,2.0,258
2022-04-15,133,391,257,камбалы,2.0,258
2022-04-16,131,349,218,камбалы,3.0,189
2022-04-17,109,358,248,камбалы,2.0,258
2022-04-18,105,305,200,камбалы,3.0,189
2022-01-03,41,1,40,терпуги,5.0,25
2022-01-04,50,28,21,терпуги,5.0,25
2022-01-05,57,28,29,терпуги,5.0,25
2022-01-06,56,121,64,терпуги,4.0,63
2022-01-07,53,121,68,терпуги,4.0,63
2022-01-08,51,140,88,терпуги,3.0,92
2022-01-09,55,153,97,терпуги,3.0,92
2022-01-10,63,159,96,терпуги,3.0,92
2022-01-11,58,93,34,терпуги,5.0,25
2022-01-12,59,95,35,терпуги,5.0,25
2022-01-13,42,75,32,терпуги,5.0,25
2022-01-14,40,36,4,терпуги,5.0,25
2022-01-15,30,66,35,терпуги,5.0,25
2022-01-16,38,59,21,терпуги,5.0,25
2022-01-17,42,77,35,терпуги,5.0,25
2022-01-18,43,94,50,терпуги,4.0,63
2022-01-19,42,111,68,терпуги,4.0,63
2022-01-20,45,81,36,терпуги,5.0,25
2022-01-21,49,63,14,терпуги,5.0,25
2022-01-22,41,95,53,терпуги,4.0,63
2022-01-23,54,86,31,терпуги,5.0,25
2022-01-24,71,70,1,терпуги,5.0,25
2022-01-25,92,112,19,терпуги,5.0,25
2022-01-26,92,133,41,терпуги,5.0,25
2022-01-27,102,83,19,терпуги,5.0,25
2022-01-28,107,100,7,терпуги,5.0,25
2022-01-29,120,168,48,терпуги,5.0,25
2022-01-30,131,178,46,терпуги,5.0,25
2022-01-31,172,226,53,терпуги,4.0,63
2022-02-01,173,306,133,терпуги,2.0,140
2022-02-02,159,298,138,терпуги,2.0,140
2022-02-03,152,227,75,терпуги,4.0,63
2022-02-04,137,189,51,терпуги,4.0,63
2022-02-05,107,133,26,терпуги,5.0,25
2022-02-06,136,138,1,терпуги,5.0,25
2022-02-07,195,154,41,терпуги,5.0,25
2022-02-08,219,295,75,терпуги,4.0,63
2022-02-09,239,327,88,терпуги,3.0,92
2022-02-10,271,326,55,терпуги,4.0,63
2022-02-11,255,320,64,терпуги,4.0,63
2022-02-12,205,415,209,терпуги,1.0,216
2022-02-13,162,306,143,терпуги,2.0,140
2022-02-14,131,260,128,терпуги,2.0,140
2022-02-15,91,305,214,терпуги,1.0,216
2022-02-16,88,255,167,терпуги,2.0,140
2022-02-17,86,130,43,терпуги,5.0,25
2022-02-18,98,107,9,терпуги,5.0,25
2022-02-19,100,198,97,терпуги,3.0,92
2022-02-20,95,164,69,терпуги,4.0,63
2022-02-21,78,136,57,терпуги,4.0,63
2022-02-22,77,153,76,терпуги,4.0,63
2022-02-23,64,168,103,терпуги,3.0,92
2022-02-24,61,77,16,терпуги,5.0,25
2022-02-25,77,57,19,терпуги,5.0,25
2022-02-26,89,78,11,терпуги,5.0,25
2022-02-27,117,141,24,терпуги,5.0,25
2022-02-28,126,184,57,терпуги,4.0,63
2022-03-01,153,218,65,терпуги,4.0,63
2022-03-02,192,269,77,терпуги,4.0,63
2022-03-03,228,326,98,терпуги,3.0,92
2022-03-04,230,287,56,терпуги,4.0,63
2022-03-05,230,288,57,терпуги,4.0,63
2022-03-06,207,249,42,терпуги,5.0,25
2022-03-07,155,291,136,терпуги,2.0,140
2022-03-08,163,215,52,терпуги,4.0,63
2022-03-09,177,196,19,терпуги,5.0,25
2022-03-10,200,273,73,терпуги,4.0,63
2022-03-11,217,279,62,терпуги,4.0,63
2022-03-12,230,273,43,терпуги,5.0,25
2022-03-13,211,311,100,терпуги,3.0,92
2022-03-14,182,367,184,терпуги,2.0,140
2022-03-15,178,309,130,терпуги,2.0,140
2022-03-16,182,356,173,терпуги,2.0,140
2022-03-17,181,263,81,терпуги,3.0,92
2022-03-18,146,222,76,терпуги,4.0,63
2022-03-19,115,275,159,терпуги,2.0,140
2022-03-20,74,188,114,терпуги,2.0,140
2022-03-21,39,154,115,терпуги,2.0,140
2022-03-22,24,159,134,терпуги,2.0,140
2022-03-23,46,212,166,терпуги,2.0,140
2022-03-24,78,88,10,терпуги,5.0,25
2022-03-25,99,87,11,терпуги,5.0,25
2022-03-26,123,187,63,терпуги,4.0,63
2022-03-27,133,205,71,терпуги,4.0,63
2022-03-28,132,205,72,терпуги,4.0,63
2022-03-29,137,249,112,терпуги,2.0,140
2022-03-30,148,303,154,терпуги,2.0,140
2022-03-31,153,185,31,терпуги,5.0,25
2022-04-01,156,162,5,терпуги,5.0,25
2022-04-02,160,218,57,терпуги,4.0,63
2022-04-03,139,222,83,терпуги,3.0,92
2022-04-04,111,187,75,терпуги,4.0,63
2022-04-05,96,219,123,терпуги,2.0,140
2022-04-06,106,258,151,терпуги,2.0,140
2022-04-07,95,150,54,терпуги,4.0,63
2022-04-08,109,95,13,терпуги,5.0,25
2022-04-09,142,231,88,терпуги,3.0,92
2022-04-10,154,213,58,терпуги,4.0,63
2022-04-11,143,180,37,терпуги,5.0,25
2022-04-12,126,337,211,терпуги,1.0,216
2022-04-13,111,345,233,терпуги,1.0,216
2022-04-14,85,200,115,терпуги,2.0,140
2022-04-15,78,208,130,терпуги,2.0,140
2022-04-16,105,257,152,терпуги,2.0,140
2022-04-17,143,173,30,терпуги,5.0,25
2022-04-18,185,223,38,терпуги,5.0,25
2022-01-03,14,612,597,сардина,1.0,597
2022-01-04,35,373,337,сардина,2.0,337
2022-01-05,60,215,154,сардина,3.0,183
2022-01-06,87,110,23,сардина,5.0,65
2022-01-07,116,136,19,сардина,5.0,65
2022-01-08,142,251,109,сардина,4.0,121
2022-01-09,146,307,161,сардина,3.0,183
2022-01-10,146,344,198,сардина,3.0,183
2022-01-11,149,377,228,сардина,3.0,183
2022-01-12,160,378,218,сардина,3.0,183
2022-01-13,177,304,126,сардина,4.0,121
2022-01-14,198,290,92,сардина,5.0,65
2022-01-15,202,286,84,сардина,5.0,65
2022-01-16,200,255,55,сардина,5.0,65
2022-01-17,196,254,57,сардина,5.0,65
2022-01-18,185,256,71,сардина,5.0,65
2022-01-19,181,252,71,сардина,5.0,65
2022-01-20,171,240,68,сардина,5.0,65
2022-01-21,174,230,56,сардина,5.0,65
2022-01-22,163,244,80,сардина,5.0,65
2022-01-23,128,250,122,сардина,4.0,121
2022-01-24,84,230,146,сардина,4.0,121
2022-01-25,69,203,133,сардина,4.0,121
2022-01-26,54,184,130,сардина,4.0,121
2022-01-27,62,151,88,сардина,5.0,65
2022-01-28,119,146,26,сардина,5.0,65
2022-01-29,168,205,37,сардина,5.0,65
2022-01-30,212,265,52,сардина,5.0,65
2022-01-31,248,332,83,сардина,5.0,65
2022-02-01,276,379,103,сардина,4.0,121
2022-02-02,253,448,195,сардина,3.0,183
2022-02-03,264,383,118,сардина,4.0,121
2022-02-04,278,378,100,сардина,4.0,121
2022-02-05,293,379,85,сардина,5.0,65
2022-02-06,295,400,104,сардина,4.0,121
2022-02-07,295,376,81,сардина,5.0,65
2022-02-08,260,434,173,сардина,3.0,183
2022-02-09,260,416,155,сардина,3.0,183
2022-02-10,252,466,213,сардина,3.0,183
2022-02-11,195,409,213,сардина,3.0,183
2022-02-12,182,347,165,сардина,3.0,183
2022-02-13,225,315,90,сардина,5.0,65
2022-02-14,214,351,137,сардина,4.0,121
2022-02-15,214,289,74,сардина,5.0,65
2022-02-16,273,331,58,сардина,5.0,65
2022-02-17,316,387,70,сардина,5.0,65
2022-02-18,303,423,119,сардина,4.0,121
2022-02-19,290,414,123,сардина,4.0,121
2022-02-20,277,398,121,сардина,4.0,121
2022-02-21,245,369,124,сардина,4.0,121
2022-02-22,207,348,141,сардина,4.0,121
2022-02-23,172,300,128,сардина,4.0,121
2022-02-24,136,243,107,сардина,4.0,121
2022-02-25,109,185,75,сардина,5.0,65
2022-02-26,101,166,64,сардина,5.0,65
2022-02-27,115,146,31,сардина,5.0,65
2022-02-28,127,180,52,сардина,5.0,65
2022-03-01,168,218,49,сардина,5.0,65
2022-03-02,195,285,90,сардина,5.0,65
2022-03-03,211,344,132,сардина,4.0,121
2022-03-04,208,337,129,сардина,4.0,121
2022-03-05,212,330,118,сардина,4.0,121
2022-03-06,190,325,135,сардина,4.0,121
2022-03-07,156,311,155,сардина,3.0,183
2022-03-08,129,257,128,сардина,4.0,121
2022-03-09,92,247,155,сардина,3.0,183
2022-03-10,55,192,136,сардина,4.0,121
2022-03-11,30,137,107,сардина,4.0,121
2022-03-12,15,89,73,сардина,5.0,65
2022-03-13,0,54,54,сардина,5.0,65
2022-03-14,0,31,31,сардина,5.0,65
2022-03-15,0,47,47,сардина,5.0,65
2022-03-16,5,63,58,сардина,5.0,65
2022-03-17,6,83,77,сардина,5.0,65
2022-03-18,12,87,74,сардина,5.0,65
2022-03-19,16,99,82,сардина,5.0,65
2022-03-20,20,98,78,сардина,5.0,65
2022-03-21,21,97,76,сардина,5.0,65
2022-03-22,26,92,65,сардина,5.0,65
2022-03-23,25,109,84,сардина,5.0,65
2022-03-24,26,113,87,сардина,5.0,65
2022-03-25,28,116,88,сардина,5.0,65
2022-03-26,31,128,97,сардина,4.0,121
2022-03-27,35,128,93,сардина,5.0,65
2022-03-28,31,119,87,сардина,5.0,65
2022-03-29,28,107,78,сардина,5.0,65
2022-03-30,27,110,83,сардина,5.0,65
2022-03-31,26,107,80,сардина,5.0,65
2022-04-01,18,113,94,сардина,5.0,65
2022-04-02,18,119,101,сардина,4.0,121
2022-04-03,23,136,113,сардина,4.0,121
2022-04-04,23,149,125,сардина,4.0,121
2022-04-05,18,147,129,сардина,4.0,121
2022-04-06,19,146,126,сардина,4.0,121
2022-04-07,24,141,117,сардина,4.0,121
2022-04-08,21,132,111,сардина,4.0,121
2022-04-09,22,115,93,сардина,5.0,65
2022-04-10,22,107,84,сардина,5.0,65
2022-04-11,24,93,68,сардина,5.0,65
2022-04-12,31,86,55,сардина,5.0,65
2022-04-13,42,86,44,сардина,5.0,65
2022-04-14,51,84,33,сардина,5.0,65
2022-04-15,65,84,19,сардина,5.0,65
2022-04-16,71,93,21,сардина,5.0,65
2022-04-17,66,187,120,сардина,4.0,121
2022-04-18,50,175,124,сардина,4.0,121
2022-01-03,9,1,7,хамса,5.0,7
2022-01-04,9,1,7,хамса,5.0,7
2022-01-05,40,3,37,хамса,4.0,34
2022-01-06,105,14,91,хамса,3.0,96
2022-01-07,144,23,121,хамса,3.0,96
2022-01-08,214,34,179,хамса,2.0,190
2022-01-09,282,82,199,хамса,2.0,190
2022-01-10,291,114,176,хамса,2.0,190
2022-01-11,240,289,48,хамса,4.0,34
2022-01-12,194,379,185,хамса,2.0,190
2022-01-13,124,367,243,хамса,1.0,263
2022-01-14,56,319,262,хамса,1.0,263
2022-01-15,20,306,286,хамса,1.0,263
2022-01-16,5,122,116,хамса,3.0,96
2022-01-17,9,34,24,хамса,4.0,34
2022-01-18,15,42,27,хамса,4.0,34
2022-01-19,16,55,39,хамса,4.0,34
2022-01-20,50,48,1,хамса,5.0,7
2022-01-21,115,106,9,хамса,5.0,7
2022-01-22,181,173,8,хамса,5.0,7
2022-01-23,236,228,8,хамса,5.0,7
2022-01-24,319,277,42,хамса,4.0,34
2022-01-25,383,348,34,хамса,4.0,34
2022-01-26,333,458,125,хамса,3.0,96
2022-01-27,269,394,125,хамса,3.0,96
2022-01-28,209,335,126,хамса,3.0,96
2022-01-29,124,317,193,хамса,2.0,190
2022-01-30,28,238,210,хамса,2.0,190
2022-01-31,24,81,56,хамса,4.0,34
2022-02-01,26,82,55,хамса,4.0,34
2022-02-02,44,88,43,хамса,4.0,34
2022-02-03,87,62,25,хамса,4.0,34
2022-02-04,121,109,12,хамса,5.0,7
2022-02-05,152,138,13,хамса,5.0,7
2022-02-06,202,181,20,хамса,4.0,34
2022-02-07,211,231,19,хамса,4.0,34
2022-02-08,222,256,34,хамса,4.0,34
2022-02-09,209,272,62,хамса,3.0,96
2022-02-10,176,257,80,хамса,3.0,96
2022-02-11,155,210,55,хамса,4.0,34
2022-02-12,145,197,51,хамса,4.0,34
2022-02-13,112,196,84,хамса,3.0,96
2022-02-14,117,164,47,хамса,4.0,34
2022-02-15,147,203,55,хамса,4.0,34
2022-02-16,114,255,141,хамса,3.0,96
2022-02-17,142,225,82,хамса,3.0,96
2022-02-18,168,242,74,хамса,3.0,96
2022-02-19,183,274,91,хамса,3.0,96
2022-02-20,188,262,73,хамса,3.0,96
2022-02-21,241,261,20,хамса,4.0,34
2022-02-22,241,325,84,хамса,3.0,96
2022-02-23,216,314,98,хамса,3.0,96
2022-02-24,197,281,83,хамса,3.0,96
2022-02-25,169,271,102,хамса,3.0,96
2022-02-26,114,238,124,хамса,3.0,96
2022-02-27,65,163,97,хамса,3.0,96
2022-02-28,45,120,74,хамса,3.0,96
2022-03-01,20,88,67,хамса,3.0,96
2022-03-02,5,50,44,хамса,4.0,34
2022-03-03,46,21,24,хамса,4.0,34
2022-03-04,85,98,13,хамса,5.0,7
2022-03-05,158,141,16,хамса,4.0,34
2022-03-06,221,230,9,хамса,5.0,7
2022-03-07,279,316,36,хамса,4.0,34
2022-03-08,287,409,122,хамса,3.0,96
2022-03-09,259,368,108,хамса,3.0,96
2022-03-10,211,342,131,хамса,3.0,96
2022-03-11,191,297,105,хамса,3.0,96
2022-03-12,168,251,83,хамса,3.0,96
2022-03-13,138,229,91,хамса,3.0,96
2022-03-14,127,207,79,хамса,3.0,96
2022-03-15,100,185,84,хамса,3.0,96
2022-03-16,54,142,88,хамса,3.0,96
2022-03-17,19,97,78,хамса,3.0,96
2022-03-18,0,26,26,хамса,4.0,34
2022-03-19,0,8,8,хамса,5.0,7
2022-03-20,0,8,8,хамса,5.0,7
2022-03-21,0,6,6,хамса,5.0,7
2022-03-22,0,8,8,хамса,5.0,7
2022-03-23,3,9,6,хамса,5.0,7
2022-03-24,6,14,7,хамса,5.0,7
2022-03-25,8,16,8,хамса,5.0,7
2022-03-26,14,17,2,хамса,5.0,7
2022-03-27,15,24,8,хамса,5.0,7
2022-03-28,14,24,10,хамса,5.0,7
2022-03-29,13,21,8,хамса,5.0,7
2022-03-30,12,21,9,хамса,5.0,7
2022-03-31,16,19,2,хамса,5.0,7
2022-04-01,31,21,9,хамса,5.0,7
2022-04-02,40,36,4,хамса,5.0,7
2022-04-03,43,47,3,хамса,5.0,7
2022-04-04,59,52,7,хамса,5.0,7
2022-04-05,64,76,11,хамса,5.0,7
2022-04-06,56,86,29,хамса,4.0,34
2022-04-07,47,81,33,хамса,4.0,34
2022-04-08,57,74,17,хамса,4.0,34
2022-04-09,59,86,27,хамса,4.0,34
2022-04-10,43,86,43,хамса,4.0,34
2022-04-11,42,65,23,хамса,4.0,34
2022-04-12,40,67,26,хамса,4.0,34
2022-04-13,27,60,32,хамса,4.0,34
2022-04-14,10,45,34,хамса,4.0,34
2022-04-15,11,22,11,хамса,5.0,7
2022-04-16,5,24,18,хамса,4.0,34
2022-04-17,6,14,8,хамса,5.0,7
2022-04-18,2,12,9,хамса,5.0,7
2022-01-03,1,0,0,сайда,5.0,3
2022-01-04,1,5,3,сайда,5.0,3
2022-01-05,2,5,3,сайда,5.0,3
2022-01-06,6,6,0,сайда,5.0,3
2022-01-07,11,10,1,сайда,5.0,3
2022-01-08,19,16,2,сайда,5.0,3
2022-01-09,26,27,1,сайда,5.0,3
2022-01-10,27,34,7,сайда,5.0,3
2022-01-11,23,35,12,сайда,4.0,14
2022-01-12,20,33,12,сайда,4.0,14
2022-01-13,17,29,11,сайда,4.0,14
2022-01-14,16,18,2,сайда,5.0,3
2022-01-15,22,17,5,сайда,5.0,3
2022-01-16,31,25,6,сайда,5.0,3
2022-01-17,35,32,2,сайда,5.0,3
2022-01-18,32,36,3,сайда,5.0,3
2022-01-19,33,33,0,сайда,5.0,3
2022-01-20,40,32,7,сайда,5.0,3
2022-01-21,39,29,10,сайда,4.0,14
2022-01-22,34,28,5,сайда,5.0,3
2022-01-23,32,23,8,сайда,5.0,3
2022-01-24,31,23,8,сайда,5.0,3
2022-01-25,30,18,12,сайда,4.0,14
2022-01-26,43,24,19,сайда,4.0,14
2022-01-27,68,33,35,сайда,3.0,35
2022-01-28,92,52,40,сайда,3.0,35
2022-01-29,114,71,42,сайда,3.0,35
2022-01-30,131,95,35,сайда,3.0,35
2022-01-31,145,108,37,сайда,3.0,35
2022-02-01,143,122,20,сайда,4.0,14
2022-02-02,139,123,16,сайда,4.0,14
2022-02-03,131,121,10,сайда,4.0,14
2022-02-04,132,115,17,сайда,4.0,14
2022-02-05,119,123,3,сайда,5.0,3
2022-02-06,111,110,0,сайда,5.0,3
2022-02-07,109,105,3,сайда,5.0,3
2022-02-08,106,104,2,сайда,5.0,3
2022-02-09,92,101,9,сайда,4.0,14
2022-02-10,104,83,21,сайда,4.0,14
2022-02-11,117,94,22,сайда,4.0,14
2022-02-12,121,135,14,сайда,4.0,14
2022-02-13,149,137,12,сайда,4.0,14
2022-02-14,180,168,12,сайда,4.0,14
2022-02-15,177,195,18,сайда,4.0,14
2022-02-16,174,195,20,сайда,4.0,14
2022-02-17,166,163,2,сайда,5.0,3
2022-02-18,154,159,4,сайда,5.0,3
2022-02-19,146,147,0,сайда,5.0,3
2022-02-20,165,148,16,сайда,4.0,14
2022-02-21,175,168,6,сайда,5.0,3
2022-02-22,182,176,6,сайда,5.0,3
2022-02-23,165,181,15,сайда,4.0,14
2022-02-24,150,161,10,сайда,4.0,14
2022-02-25,105,144,39,сайда,3.0,35
2022-02-26,74,105,31,сайда,3.0,35
2022-02-27,62,77,15,сайда,4.0,14
2022-02-28,47,67,20,сайда,4.0,14
2022-03-01,25,54,28,сайда,3.0,35
2022-03-02,31,30,0,сайда,5.0,3
2022-03-03,52,31,20,сайда,4.0,14
2022-03-04,59,45,13,сайда,4.0,14
2022-03-05,71,51,19,сайда,4.0,14
2022-03-06,80,61,19,сайда,4.0,14
2022-03-07,84,71,12,сайда,4.0,14
2022-03-08,83,101,18,сайда,4.0,14
2022-03-09,86,104,17,сайда,4.0,14
2022-03-10,97,107,9,сайда,4.0,14
2022-03-11,117,131,14,сайда,4.0,14
2022-03-12,136,232,95,сайда,1.0,93
2022-03-13,158,218,59,сайда,2.0,56
2022-03-14,172,235,63,сайда,2.0,56
2022-03-15,178,255,76,сайда,1.0,93
2022-03-16,181,270,88,сайда,1.0,93
2022-03-17,156,191,35,сайда,3.0,35
2022-03-18,126,174,48,сайда,2.0,56
2022-03-19,91,196,104,сайда,1.0,93
2022-03-20,72,191,118,сайда,1.0,93
2022-03-21,79,167,88,сайда,1.0,93
2022-03-22,104,169,64,сайда,2.0,56
2022-03-23,122,187,65,сайда,2.0,56
2022-03-24,155,153,1,сайда,5.0,3
2022-03-25,183,148,34,сайда,3.0,35
2022-03-26,165,169,3,сайда,5.0,3
2022-03-27,141,156,15,сайда,4.0,14
2022-03-28,120,170,50,сайда,2.0,56
2022-03-29,108,159,50,сайда,2.0,56
2022-03-30,88,167,79,сайда,1.0,93
2022-03-31,91,125,34,сайда,3.0,35
2022-04-01,107,125,17,сайда,4.0,14
2022-04-02,123,105,17,сайда,4.0,14
2022-04-03,122,110,12,сайда,4.0,14
2022-04-04,111,95,16,сайда,4.0,14
2022-04-05,92,95,2,сайда,5.0,3
2022-04-06,74,84,9,сайда,4.0,14
2022-04-07,59,66,7,сайда,5.0,3
2022-04-08,72,58,13,сайда,4.0,14
2022-04-09,115,74,41,сайда,3.0,35
2022-04-10,149,163,14,сайда,4.0,14
2022-04-11,185,219,34,сайда,3.0,35
2022-04-12,207,264,56,сайда,2.0,56
2022-04-13,194,285,91,сайда,1.0,93
2022-04-14,156,265,109,сайда,1.0,93
2022-04-15,126,182,55,сайда,2.0,56
2022-04-16,91,188,97,сайда,1.0,93
2022-04-17,66,163,96,сайда,1.0,93
2022-04-18,56,139,82,сайда,1.0,93
